{"cameraMode":{"drawMode":0,"name":"Shaded","section":"Shading Mode"},"sceneLighting":true,"audioPlay":false,"sceneViewState":{"m_AlwaysRefresh":false,"showFog":true,"showSkybox":true,"showFlares":true,"showImageEffects":true,"showParticleSystems":true,"showVisualEffectGraphs":true,"m_FxEnabled":true},"in2DMode":false,"pivot":{"x":3.5762786865234377e-7,"y":3.1793551445007326,"z":0.11102807521820069},"rotation":{"x":0.32776376605033877,"y":0.24625274538993836,"z":-0.08891303837299347,"w":0.9077637791633606},"size":6.003846645355225,"orthographic":true}